[
  {
    "questions": [
      {
        "category": "History",
        "question": "Which one of these was not a beach landing site in the Invasion of Normandy?",
        "1": "Sword",
        "2": "Silver",
        "3": "Juno",
        "4": "Gold",
        "answer": 2,
        "tip": "The Five D-Day beaches code names were: Utah, Omaha, Gold, Juno and Sword"
      },
      {
        "category": "History",
        "question": "Who discovered Penicillin?",
        "1": "Alexander Flemming",
        "2": "Marie Curie",
        "3": "Alfred Nobel",
        "4": "Louis Pasteur",
        "answer": 1,
        "tip": "Penicillin, the first true antibiotic, was discovered by Alexander Fleming, Professor of Bacteriology at St. Mary's Hospital in London in 1928. "
      },
      {
        "category": "History",
        "question": "In what year did the Wall Street Crash take place?",
        "1": "1925",
        "2": "1930",
        "3": "1932",
        "4": "1929",
        "answer": 4,
        "tip": "The Wall Street Crash of 1929, also known as the Great Crash, the Crash of 29, or Black Tuesday, was a major American stock market crash that occurred in the autumn of 1929."
      },
      {
        "category": "History",
        "question": "Which of the following African countries was most successful in resisting colonization?",
        "1": "Ethiopia",
        "2": "Ivoire",
        "3": "Congo",
        "4": "Namibia",
        "answer": 1,
        "tip": "Ethiopia was able to negotiate alliances with the surrounding North African kingdoms and Russia, allowing it to be the only country in Africa to successfully withstand European colonialism"
      },
      {
        "category": "History",
        "question": "Which of the following ancient peoples was NOT classified as Hellenic (Greek)?",
        "1": "Dorians",
        "2": "Illyrians",
        "3": "Achaeans",
        "4": "Ionians",
        "answer": 2,
        "tip": "Illyrians, were a group of Indo-European-speaking peoples who inhabited the western Balkan Peninsula in ancient times. They constituted one of the three main Paleo-Balkan populations, along with the Thracians and Greeks. "
      },
      {
        "category": "History",
        "question": "Which famous world leader is famed for the saying, 'Let them eat cake', yet is rumored that he/she never said it at all?",
        "1": "Elizabeth I",
        "2": "Czar Nicholas II",
        "3": "Marie Antoinette",
        "4": "Henry VIII",
        "answer": 3,
        "tip": " Marie-Antoinette, the queen of France during the French Revolution. As the story goes, it was the queen's response upon being told that her starving peasant subjects had no bread."
      },
      {
        "category": "History",
        "question": "The collapse of the Soviet Union took place in which year?",
        "1": "1991",
        "2": "1992",
        "3": "1891",
        "4": "1990",
        "answer": 1,
        "tip": "The dissolution of the Soviet Union was the process of internal disintegration within the Soviet Union which resulted in the end of the country's and its federal government's existence as a sovereign state, thereby resulting in its constituent republics gaining full independence on 26 December 1991."
      },
      {
        "category": "History",
        "question": "How was Socrates executed?",
        "1": "Decapitation",
        "2": "Poison",
        "3": "Firing squad",
        "4": "Crucifixion ",
        "answer": 2,
        "tip": "He was found guilty of “impiety” and “corrupting the young”, sentenced to death, and then required to carry out his own execution by consuming a deadly potion of the poisonous plant hemlock."
      },
      {
        "category": "History",
        "question": "Who was among those killed in the 2010 Smolensk, Russia plane crash tragedy?",
        "1": "Pope John Paul II",
        "2": "Bang-Ding Ow",
        "3": "Albert Putin",
        "4": "The Polish President",
        "answer": 4,
        "tip": "Lech Kaczyński, the fourth President of the Republic of Poland, died on 10 April 2010, after a Polish Air Force Tu-154 crashed outside of Smolensk, Russia"
      },
      {
        "category": "History",
        "question": "What is the historical name of Sri Lanka?",
        "1": "Myanmar",
        "2": "Colombo",
        "3": "Ceylon",
        "4": "Badulla",
        "answer": 3,
        "tip": "Sri Lanka's government has decided to change the names of all state institutions still bearing the nation's former British colonial name, Ceylon."
      },
      {
        "category": "Art",
        "question": "Painter Piet Mondrian (1872 - 1944) was a part of what movement?",
        "1": "Neoplasticism",
        "2": "Precisionism",
        "3": "Cubism",
        "4": "Impressionism",
        "answer": 1,
        "tip": "Painter Piet Mondrian was known for contributing to the founding of Neoplasticism, that is based on absolute geometric rigor, the adoption of pure geometric forms, with particular interest in the horizontal and vertical line"
      },
      {
        "category": "Art",
        "question": "Which time signature is commonly known as 'Cut Time'",
        "1": "2/2",
        "2": "4/4",
        "3": "6/8",
        "4": "3/4",
        "answer": 1,
        "tip": "Cut Time is signified in music with 2/2, or 2 over 2. If we use our formula - we conclude that there are 2 beats in each measure and the half note will get the beat, since 2 = a half note."
      },
      {
        "category": "Art",
        "question": "Which artist's studio was known as The Factory?",
        "1": "Roy Lichtenstein",
        "2": "Andy Warhol",
        "3": "David Hockney",
        "4": "Peter Blake",
        "answer": 2,
        "tip": "Warhol produced his silkscreened works in a studio dubbed “The Factory.” His first Factory was born in 1963 and located on East 47th Street in New York."
      },
      {
        "category": "Art",
        "question": "What year did Albrecht Durer create the painting The Young Hare?",
        "1": "1602",
        "2": "1402",
        "3": "1702",
        "4": "1502",
        "answer": 4,
        "tip": "Young Hare (German: Feldhase) is a 1502 watercolour and bodycolour painting by German artist Albrecht Dürer. Painted in 1502 in his workshop"
      },
      {
        "category": "Art",
        "question": "Which of these are the name of a famous marker brand?",
        "1": "Marx",
        "2": "Cofix",
        "3": "Dopix",
        "4": "Copic",
        "answer": 4,
        "tip": "Copic brand is one of the most popular artist markers out there. An alcohol-based ink, the colors are non-toxic and are refillable once you've used all of the pigment"
      },
      {
        "category": "Art",
        "question": "Which artist's style was to use small different colored dots to create a picture?",
        "1": "Georges Seurat",
        "2": "Paul Cezanne",
        "3": "Vincent Van Gogh",
        "4": "Henri Rousseau",
        "answer": 1,
        "tip": "Georges Seurat and Paul Signac developed the technique in 1886, branching from Impressionism. The term 'Pointillism' was coined by art critics in the late 1880s to ridicule the works of these artists, but is now used without its earlier pejorative connotation."
      },
      {
        "category": "Art",
        "question": "Which of these is not an additional variation of the color purple?",
        "1": "Pomp and Power",
        "2": "Byzantium",
        "3": "Kobicha",
        "4": "Palatinate",
        "answer": 3,
        "tip": "The color kobicha (媚茶) is a orange-brown colors, is one of the Japanese traditional colors that has been in use since 660 CE in the form of various dyes used in designing kimonos."
      },
      {
        "category": "Art",
        "question": "Who designed the Chupa Chups logo?",
        "1": "Pablo Picasso",
        "2": "Andy Warhol",
        "3": "Salvador Dali",
        "4": "Vincent van Gogh",
        "answer": 3,
        "tip": "The Chupa Chups logo was designed in 1969 by the surrealist artist Salvador Dalí. Its first marketing campaign was the logo with the slogan 'Es redondo y dura mucho, Chupa Chups', which translates from Spanish as 'It's round and long-lasting'"
      },
      {
        "category": "Art",
        "question": "The painting 'The Starry Night' by Vincent van Gogh was part of which art movement?",
        "1": "Impressionism",
        "2": "Neoclassical",
        "3": "Romanticism",
        "4": "Post-Impressionism",
        "answer": 4,
        "tip": "The Starry Night (1889) painting is a famous oil painting by Vincent van Gogh, who was part of the Post-Impressionism art movement during the 19th century."
      },
      {
        "category": "Art",
        "question": "Who painted the epic mural Guernica?",
        "1": "Pablo Picasso",
        "2": "Francisco Goya",
        "3": "Leonardo da Vinci",
        "4": "Henri Matisse",
        "answer": 1,
        "tip": "Pablo Picasso, who was living in Paris at the time, was overwhelmed by images of the slaughter. He immediately began work on his infamous mural, Guernica."
      },
      {
        "category": "Geography",
        "question": "The derisive acronym 'PIIGS' refers to which of the following European countries and their economic statuses?",
        "1": "Poland, Iceland, Italy, Greece, Serbia",
        "2": "Portugal, Ireland, Italy, Greece, Spain",
        "3": "Poland, Iceland, Italy, Greenland, Spain",
        "4": "Portugal, Iceland, Ireland, Greece, Serbia",
        "answer": 2,
        "tip": "PIIGS is a derisive acronym for Portugal, Italy, Ireland, Greece, and Spain, which were the weakest economies in the eurozone during the European debt crisis."
      },
      {
        "category": "Geography",
        "question": "What is the capital of Senegal?",
        "correct_answer": "Dakar",
        "incorrect_answers": ["Nouakchott", "Conakry", "Monrovia"],
        "1": "Nouakchott",
        "2": "Dakar",
        "3": "Conakry",
        "4": "Monrovia",
        "answer": 2,
        "tip": "Dakar, that is a vibrant city famous for its lively markets and rich musical culture. "
      },
      {
        "category": "Geography",
        "question": "What is the most populous Muslim-majority nation in 2022?",
        "1": "Indonesia",
        "2": "Saudi Arabia",
        "3": "Iran",
        "4": "Sudan",
        "answer": 1,
        "tip": "The largest Muslim population in a country is in Indonesia, a country home to 12.7% of the world's Muslims, followed by Pakistan (11.1%), India (10.9%) and Bangladesh (9.2%). About 20% of Muslims live in the Arab world."
      },
      {
        "category": "Geography",
        "question": "What is the official German name of the Swiss Federal Railways?",
        "1": "Schweizerische Nationalbahnen",
        "2": "Bundesbahnen der Schweiz",
        "3": "Schweizerische Staatsbahnen",
        "4": "Schweizerische Bundesbahnen",
        "answer": 4,
        "tip": "Schweizerische Bundesbahnen was formed in 2005 from the merger of two companies: a different SBB GmbH, and EuroTHURBO . Swiss Federal Railways founded the original SBB GmbH in 2002 to operate the S5 and S6 services of the Basel S-Bahn."
      },
      {
        "category": "Geography",
        "question": "What is the capital of the US State of New York?",
        "1": "Rochester",
        "2": "New York",
        "3": "Buffalo",
        "4": "Albany",
        "answer": 4,
        "tip": "Albany is located in the Hudson Valley, surrounded by mountain ranges. The city lies at the west bank of the Hudson River in the eastern part of New York state"
      },
      {
        "category": "Geography",
        "question": "What is the name of the largest river to flow through Paris?",
        "1": "Loire",
        "2": "Rhone",
        "3": "Saone",
        "4": "Seine River",
        "answer": 4,
        "tip": "The Seine River crosses several important urbanized areas of France. With a length of 754 km, it originates near Dijon, flows through Paris, and discharges to the English Channel. The basin drainage area is approximately 75,976 km²."
      },
      {
        "category": "Geography",
        "question": "Mount Vesuvius casts a shadow over which modern Italian city?",
        "1": "Naple",
        "2": "Pompeii",
        "3": "Genoa",
        "4": "Palermo",
        "answer": 1,
        "tip": "Mt Vesuvius dominates the skyline of Naples and the surrounding Italian countryside, a reminder of its devastating effect on the town of Pompeii, "
      },
      {
        "category": "Geography",
        "question": "Which country has the longest coastline in the world?",
        "1": "Mexico",
        "2": "Canada",
        "3": "Portugal",
        "4": "Russia",
        "answer": 2,
        "tip": "Coastline: Canada's coastline is the world's longest, measuring 243,042 km (includes the mainland coast and the coasts of offshore islands). "
      },
      {
        "category": "Geography",
        "question": "In which city would you find La Sagrada Familia?",
        "1": "Madrid",
        "2": "Sevilla",
        "3": "Barcelona",
        "4": "Ibiza",
        "answer": 3,
        "tip": "Sagrada Família, is an unfinished church in the Eixample district of Barcelona, Catalonia, Spain. It is the largest unfinished Catholic church in the world."
      },
      {
        "category": "Geography",
        "question": "The Strait of Gibraltar separates the Iberian Peninsular from which African country or countries?",
        "1": "Marocco",
        "2": "Marroco and Ceuta",
        "3": "Algeria",
        "4": "Ceuta",
        "answer": 2,
        "tip": "On the northern side of the Strait are Spain and Gibraltar (a British overseas territory in the Iberian Peninsula), while on the southern side are Morocco and Ceuta"
      },
      {
        "category": "English",
        "question": "Identify the noun in the following sentence: The mailman Mr. Joe was carrying postcards.",
        "1": "Mailman",
        "2": "Mr.Joe",
        "3": "Mailman, Mr. Joe and postcards",
        "4": "postcards",
        "answer": 3,
        "tip": "Mailman, Mr. Joe and postcards - NOUN is a word (other than a pronoun) used to identify any of a class of people, places, or things (common noun), or to name a particular one of these (proper noun)."
      },
      {
        "category": "English",
        "question": "Identify the pronoun in the following sentence: Everyone is sleeping in the dorm room ",
        "1": "Sleeping",
        "2": "Everyone",
        "3": "Dorm",
        "4": "Room",
        "answer": 2,
        "tip": "Everyone - A PRONOUN is a word that is used instead of a noun or noun phrase. Pronouns refer to either a noun that has already been mentioned or to a noun that does not need to be named specifically."
      },
      {
        "category": "English",
        "question": "Identify the verb in the following sentence: She bought a new car and started taking her driving lessons.",
        "1": "Driving",
        "2": "New",
        "3": "Started",
        "4": "Bought, started, taking",
        "answer": 4,
        "tip": "Bought, started, taking - Verbs are words that show an action (sing), occurrence (develop), or state of being (exist). Almost every sentence requires a verb."
      },
      {
        "category": "English",
        "question": "Identify the Adverb in the following sentence: The dog looked at his owner curiously.",
        "1": "Curiously",
        "2": "Dog",
        "3": "Looked",
        "4": "At",
        "answer": 1,
        "tip": "Curiously - ADVERB is a word or phrase that modifies or qualifies an adjective, verb, or other adverb or a word group, expressing a relation of place, time, circumstance, manner, cause, degree, etc."
      },
      {
        "category": "English",
        "question": "Identify the adjective in the following sentence: Linda McKenzie has five children",
        "1": "Children",
        "2": "Has",
        "3": "Linda",
        "4": "Five",
        "answer": 4,
        "tip": "Five - ADJECTIVE is a word naming an attribute of a noun, such as sweet, red, or technical."
      },
      {
        "category": "English",
        "question": "Identify present, past or future tense from the following sentence: It rained heavily. ",
        "1": "Present",
        "2": "Simple Past",
        "3": "Present Perfect",
        "4": "Future",
        "answer": 2,
        "tip": "Simple Past - The simple past is a verb tense that is used to talk about things that happened or existed before now "
      },
      {
        "category": "English",
        "question": "Identify the correct sentence.",
        "1": "The weather is wet windy, unpredictable.",
        "2": "The weather is wet, windy, unpredictable.",
        "3": "The weather is wet, and windy and unpredictable.",
        "4": "The weather is wet, windy and unpredictable.",
        "answer": 4,
        "tip": "D - Punctuation is defined as a set of symbols used to separate and clarify the meaning of sentences and written elements."
      },
      {
        "category": "English",
        "question": "Identify the correct sentence.",
        "1": "Dont worry, every little thing is going to be alright.",
        "2": "Don’t worry. Every little thing is going to be alright.",
        "3": "Don’t worry every little thing is going to be alright",
        "4": "Dont worry, every little thing is gonna be alright",
        "answer": 2,
        "tip": "B - Punctuation tells readers of your writing where to pause, what words are quotations and which are clarifications, where words have been omitted, and more."
      },
      {
        "category": "English",
        "question": "Identify the preposition in the following sentence: The kids are sitting around the block.",
        "1": "Sitting",
        "2": "Around",
        "3": "Are",
        "4": "The",
        "answer": 2,
        "tip": "Around - A preposition is a word—and almost always a very small, very common word—that shows direction (to in 'a letter to you'), location (at in 'at the door')"
      },
      {
        "category": "English",
        "question": "Identify the synonym from the option given below: Nice",
        "1": "Pleasant",
        "2": "Fortunate",
        "3": "Cool",
        "4": "Impartial",
        "answer": 1,
        "tip": "Pleasant - SYNONYM word or phrase that means exactly or nearly the same as another word or phrase in the same language"
      },
      {
        "category": "Citizenship",
        "question": "Which one of the following is a legal responsibility?",
        "1": "Making sure your children get an education if you are a parent.",
        "2": "Locking your car after parking it if you are a motorist.",
        "3": "Making sure all your employees receive regular training if you are an employer.",
        "4": "Caring for your partner if they are ill.",
        "answer": 1,
        "tip": "All parents have a legal duty to ensure that their child receives an education suitable to his/her age, ability and aptitude and any special needs. Most parents fulfil their legal obligation by registering their child in a school."
      },
      {
        "category": "Citizenship",
        "question": "Identify one characteristics for possible discrimination protected by the Equality Act.",
        "1": "Wealth",
        "2": "Sexual Orientation",
        "3": "Property ownership",
        "4": "Social Class",
        "answer": 2,
        "tip": "Characteristics that the Equality Act protects are age, disability, gender reassignment, marriage and civil partnership, pregnancy and maternity, race, religion or belief, sex, and sexual orientation."
      },
      {
        "category": "Citizenship",
        "question": "Which reason best explains why the age of criminal responsibility is different in different countries?",
        "1": "Governments have different amounts of youth crime to deal with.",
        "2": "Some governments are signed up to the ‘United Nations Convention on the Rights of the Child’ but others are not.",
        "3": "Governments in Less Economically Developed Countries (LEDCs) sometimes don’t have courts suitable for trials of young people.",
        "4": "Governments hold different views about the age at which children understand the impact of their actions on others.",
        "answer": 4,
        "tip": "The age of criminal responsibility is the age below which a child is deemed incapable of having committed a criminal offence. "
      },
      {
        "category": "Citizenship",
        "question": "When would a democratic government usually restrict freedom of speech? ",
        "1": "when the government is criticised",
        "2": "when offence is caused",
        "3": "when jokes are made about politicians and religious leaders",
        "4": "when individuals are at risk of significant damage",
        "answer": 4,
        "tip": "Public authorities may restrict this right if they can show that their action is lawful, necessary and proportionate in order to: protect national security, territorial integrity (the borders of the state) or public safety. prevent disorder or crime. protect health or morals."
      },
      {
        "category": "Citizenship",
        "question": "Which piece of evidence is the most useful in deciding whether a law is working?",
        "1": "More people are caught.",
        "2": "Sentences are longer.",
        "3": "Rates of offending fall",
        "4": "Judges say that the law is easy to understand.",
        "answer": 3,
        "tip": "Police recorded crime in England and Wales in the year ending September 2022 exceeded pre-coronavirus pandemic levels. The 6.6 million crimes recorded were 10% higher compared with the year ending March 2020 (6.1 million offences)"
      },
      {
        "category": "Citizenship",
        "question": "Which reason best explains why a person accused of an offence would seek advice from a solicitor?",
        "1": "Solicitors can provide legal aid to help with costs.",
        "2": "Solicitors can use their legal powers to settle disputes.",
        "3": "Solicitors provide free advice and only charge to represent people in court.",
        "4": "Solicitors are independent of the police, government and local authorities ",
        "answer": 4,
        "tip": "Solicitors can represent you to make sure your legal rights are protected and to present your case in court to make sure you get a fair hearing."
      },
      {
        "category": "Citizenship",
        "question": "Which responsibility is carried out by devolved governments in Scotland, Wales and Northern Ireland?",
        "1": "Education",
        "2": "Defence",
        "3": "Indirect taxation",
        "4": "Overseas aid",
        "answer": 1,
        "tip": "Handling legislation as it affects the territory. representing the territory's interests in cabinet and cabinet committees. responding to parliamentary interests in territorial affairs. transmitting the block grant to the devolved administration."
      },
      {
        "category": "Citizenship",
        "question": "Which reason best explains why a coalition government would be formed?",
        "1": "one political party wants to form a government on its own but did not win a majority following an election",
        "2": "one political party gained a majority following an election and wants to form a government on its own",
        "3": "no single political party gained an overall majority following an election",
        "4": "two political parties gain equal votes following an election and cannot agree who should form the government",
        "answer": 3,
        "tip": "A coalition government might also be created in a time of national difficulty or crisis, to give a government the high degree of perceived political legitimacy or collective identity, it can also play a role in diminishing internal political strife."
      },
      {
        "category": "Citizenship",
        "question": "Which reason best explains why cabinet government is favoured in the United Kingdom (UK)?",
        "1": "Different interest groups can be represented by all the political parties in the cabinet.",
        "2": "Ministers can make better decisions by discussing them with colleagues.",
        "3": "Civil servants and politicians can have an equal say.",
        "4": "The devolved governments of Scotland, Wales and Northern Ireland can be properly represented.",
        "answer": 2,
        "tip": "Members run departments and are drawn from Parliament, and all ministers have an equal say in policy decisions, including the PM"
      },
      {
        "category": "Citizenship",
        "question": "What is Black Rod’s ceremonial role in Parliament?",
        "1": "Calling MPs to attend the House of Lords",
        "2": "Protecting the monarch",
        "3": "Escorting the prime minister",
        "4": "Making sure MPs speak in the correct order",
        "answer": 1,
        "tip": "Black Rod is sent from the Lords Chamber to the Commons Chamber to summon MPs to hear the King's Speech. Traditionally the door of the Commons is slammed in Black Rod's face to symbolise the Commons independence. He or she then bangs three times on the door with the rod."
      }
    ]
  }
]
